-- Users
INSERT INTO member (username, data) VALUES ('molly_member', '{"name":"Molly Member","roles":["member"],"email":"molly@books.com","password":"$2b$10$Y00XOZD/f5gBSpDusPUgU.iJufk6Nxx6gAoHRG8t2eHyGgoP2bK4y"}');
INSERT INTO member (username, data) VALUES ('anna_admin', '{"name":"Anna Admin","roles":["member","moderator","admin"],"email":"anna@books.com","password":"$2b$10$Y00XOZD/f5gBSpDusPUgU.G1ohpR3oQbbBHK4KzX7dU219Pv/lzze"}');
INSERT INTO member (username, data) VALUES ('nobby_nobody', '{"name":"Nobby Nobody","roles":[],"email":"nobby@books.com","password":"$2a$12$ZnrvkMk9jn56NlyJGOyTE.biz5xvJUr1iKIFsWyFWPFF/x3j5fUhm"}');
INSERT INTO member (username, data) VALUES ('mia_moderator', '{"name":"Mia Moderator","roles":["member","moderator"],"email":"mia@books.com","password":"$2a$10$WlW22iG6lADY6EBgHAmhLumx1VadJXuGWIEwgAH/A07EvHBqZtDcO"}');

-- Catergories
INSERT INTO category (slug, data) VALUES ('electronics', '{"name": "Electronics"}');
INSERT INTO category (slug, data) VALUES ('clothing', '{"name": "Clothing"}');
INSERT INTO category (slug, data) VALUES ('sports-equipment', '{"name": "Sports Equipment"}');
INSERT INTO category (slug, data) VALUES ('toys', '{"name": "Toys"}');
INSERT INTO category (slug, data) VALUES ('furniture', '{"name": "Furniture"}');
INSERT INTO category (slug, data) VALUES ('instruments', '{"name": "Instruments"}');
INSERT INTO category (slug, data) VALUES ('office', '{"name": "Office"}');
INSERT INTO category (slug, data) VALUES ('free', '{"name": "Free"}');

-- Products
INSERT INTO product (id, member_username, category_slug, data) VALUES ('038b7e70-a5c0-47e6-80f3-5b1772bb4a0d', 'molly_member', 'clothing', '{"name": "Air Jordan 11", "quantity": 1,"price": 250, "discount": 0, "description": "Never worn. Ut porta, lectus nec sodales semper, leo est dictum massa, non tristique mi mauris id orci. Pellentesque volutpat dapibus ipsum lobortis convallis. Morbi vel mi non ligula euismod feugiat feugiat sit amet enim. Fusce mattis porta ante, non euismod tortor condimentum eget. Pellentesque dapibus orci cursus purus aliquet, et lobortis tellus faucibus. Nullam eu libero eget tortor euismod ullamcorper. Quisque eget nibh eros. Mauris porttitor tincidunt felis, sed aliquam eros venenatis ultricies.", "date": "2023-02-09T06:43:08.000Z", "pictures": ["https://images.stockx.com/images/Air-Jordan-11-Retro-Cherry-2022-Product.jpg?fit=fill&bg=FFFFFF&w=1200&h=857&fm=webp&auto=compress&dpr=2&trim=color&updated_at=1669100668&q=75"]}');
INSERT INTO product (id, member_username, category_slug, data) VALUES ('5c55a266-a631-4598-9bd5-52bd5ee2d9aa', 'molly_member', 'toys', '{"name": "Honda Civic Toy Car", "quantity": 1,"price": 25, "discount": 0, "description": "Great toy car for kids, barely used. Ut porta, lectus nec sodales semper, leo est dictum massa, non tristique mi mauris id orci. Pellentesque volutpat dapibus ipsum lobortis convallis. Morbi vel mi non ligula euismod feugiat feugiat sit amet enim. Fusce mattis porta ante, non euismod tortor condimentum eget. Pellentesque dapibus orci cursus purus aliquet, et lobortis tellus faucibus. Nullam eu libero eget tortor euismod ullamcorper. Quisque eget nibh eros. Mauris porttitor tincidunt felis, sed aliquam eros venenatis ultricies.", "date": "2023-01-21T15:43:08.000Z", "pictures": ["https://m.media-amazon.com/images/I/612xeaASvbL.jpg"]}');
INSERT INTO product (id, member_username, category_slug, data) VALUES ('2759559e-84f2-4c41-9512-932589163f4f', 'molly_member', 'toys', '{"name": "Baseballs", "quantity": 40,"price": 2, "discount": 0.20, "description": "Used baseball, need to get rid off them. Ut porta, lectus nec sodales semper, leo est dictum massa, non tristique mi mauris id orci. Pellentesque volutpat dapibus ipsum lobortis convallis. Morbi vel mi non ligula euismod feugiat feugiat sit amet enim. Fusce mattis porta ante, non euismod tortor condimentum eget. Pellentesque dapibus orci cursus purus aliquet, et lobortis tellus faucibus. Nullam eu libero eget tortor euismod ullamcorper. Quisque eget nibh eros. Mauris porttitor tincidunt felis, sed aliquam eros venenatis ultricies.", "date": "2022-01-21T15:43:08.000Z", "pictures": ["https://cdn.vox-cdn.com/thumbor/OErDUZBX0hyqUX6nU6raySSQmuU=/0x0:5385x3590/1200x800/filters:focal(2263x1365:3123x2225)/cdn.vox-cdn.com/uploads/chorus_image/image/63167436/1000397500.jpg.0.jpg"]}');
INSERT INTO product (id, member_username, category_slug, data) VALUES ('46fd42cf-e976-48a0-9ac2-d97a96e885eb', 'molly_member', 'instruments', '{"name": "Guitar", "quantity": 1,"price": 100, "discount": 0,  "description": "Old guitar, was used by grandpa, looking for a new owner. Needs strings replaced. Ut porta, lectus nec sodales semper, leo est dictum massa, non tristique mi mauris id orci. Pellentesque volutpat dapibus ipsum lobortis convallis. Morbi vel mi non ligula euismod feugiat feugiat sit amet enim. Fusce mattis porta ante, non euismod tortor condimentum eget. Pellentesque dapibus orci cursus purus aliquet, et lobortis tellus faucibus. Nullam eu libero eget tortor euismod ullamcorper. Quisque eget nibh eros. Mauris porttitor tincidunt felis, sed aliquam eros venenatis ultricies.", "date": "2022-12-05T09:43:08.000Z", "pictures": ["https://cdn.shopify.com/s/files/1/0198/2810/products/LoogMiniRed1_1000x1000.jpg?v=1625437240"]}');
INSERT INTO product (id, member_username, category_slug, data) VALUES ('83901659-30c8-4b44-abe3-ee110fda259e', 'mia_moderator', 'furniture', '{"name": "Fake Apples", "quantity": 100,"price": 0.50, "discount": 0, "description": "Fake apples, first come first serve. Ut porta, lectus nec sodales semper, leo est dictum massa, non tristique mi mauris id orci. Pellentesque volutpat dapibus ipsum lobortis convallis. Morbi vel mi non ligula euismod feugiat feugiat sit amet enim. Fusce mattis porta ante, non euismod tortor condimentum eget. Pellentesque dapibus orci cursus purus aliquet, et lobortis tellus faucibus. Nullam eu libero eget tortor euismod ullamcorper. Quisque eget nibh eros. Mauris porttitor tincidunt felis, sed aliquam eros venenatis ultricies.", "date": "2023-02-09T07:43:08.000Z", "pictures": ["https://target.scene7.com/is/image/Target/GUEST_aa7ba35c-35d5-47d9-a847-ceb7c12b369f"]}');
INSERT INTO product (id, member_username, category_slug, data) VALUES ('72c33826-a3c3-4d1f-8e9a-3e7887d05832', 'mia_moderator', 'clothing', '{"name": "Vintage Disney Hoodie", "quantity": 1,"price": 75, "discount": 0.15, "description": "Vintage Disney Hoodie from 1980s. Ut porta, lectus nec sodales semper, leo est dictum massa, non tristique mi mauris id orci. Pellentesque volutpat dapibus ipsum lobortis convallis. Morbi vel mi non ligula euismod feugiat feugiat sit amet enim. Fusce mattis porta ante, non euismod tortor condimentum eget. Pellentesque dapibus orci cursus purus aliquet, et lobortis tellus faucibus. Nullam eu libero eget tortor euismod ullamcorper. Quisque eget nibh eros. Mauris porttitor tincidunt felis, sed aliquam eros venenatis ultricies.", "date": "2023-01-21T21:43:08.000Z", "pictures": ["https://i.ebayimg.com/images/g/SBIAAOSws7ljZChc/s-l1600.jpg"]}');
INSERT INTO product (id, member_username, category_slug, data) VALUES ('ba70f276-85c2-4227-91cd-430d5ef36b09', 'mia_moderator', 'electronics', '{"name": "Samsung TV", "quantity": 1,"price": 400, "discount": 0, "description": "Brand new tv, still in the box. Ut porta, lectus nec sodales semper, leo est dictum massa, non tristique mi mauris id orci. Pellentesque volutpat dapibus ipsum lobortis convallis. Morbi vel mi non ligula euismod feugiat feugiat sit amet enim. Fusce mattis porta ante, non euismod tortor condimentum eget. Pellentesque dapibus orci cursus purus aliquet, et lobortis tellus faucibus. Nullam eu libero eget tortor euismod ullamcorper. Quisque eget nibh eros. Mauris porttitor tincidunt felis, sed aliquam eros venenatis ultricies.", "date": "2022-07-28T01:00:08.000Z", "pictures": ["https://image-us.samsung.com/SamsungUS/home/televisions-and-home-theater/tvs/uhd-tv/tu8000/021020/gallery/PDP-GALLERY-TU8000-01-Front2-Titan-Gray-1600x1200.jpg?$product-details-jpg$"]}');
INSERT INTO product (id, member_username, category_slug, data) VALUES ('035f4c91-b755-4c4e-994f-1c5338960b7b', 'anna_admin', 'furniture', '{"name": "Painting of Sailboat", "quantity": 1,"price": 30, "discount": 0, "description": "Old painting of a sailboat from the 1960s. Ut porta, lectus nec sodales semper, leo est dictum massa, non tristique mi mauris id orci. Pellentesque volutpat dapibus ipsum lobortis convallis. Morbi vel mi non ligula euismod feugiat feugiat sit amet enim. Fusce mattis porta ante, non euismod tortor condimentum eget. Pellentesque dapibus orci cursus purus aliquet, et lobortis tellus faucibus. Nullam eu libero eget tortor euismod ullamcorper. Quisque eget nibh eros. Mauris porttitor tincidunt felis, sed aliquam eros venenatis ultricies.", "date": "2021-05-19T21:43:08.000Z", "pictures": ["http://cdn.shopify.com/s/files/1/1159/6308/products/SailAway_product.jpg?v=1632204795"]}');
INSERT INTO product (id, member_username, category_slug, data) VALUES ('4951a289-d778-43e8-acfc-75b3b6a31ae9', 'anna_admin', 'clothing', '{"name": "Resistol Cowboy Hat", "quantity": 1,"price": 550.75, "discount": 0, "description": "Never worn Resistol cowboy hat, comes in box, size medium. Ut porta, lectus nec sodales semper, leo est dictum massa, non tristique mi mauris id orci. Pellentesque volutpat dapibus ipsum lobortis convallis. Morbi vel mi non ligula euismod feugiat feugiat sit amet enim. Fusce mattis porta ante, non euismod tortor condimentum eget. Pellentesque dapibus orci cursus purus aliquet, et lobortis tellus faucibus. Nullam eu libero eget tortor euismod ullamcorper. Quisque eget nibh eros. Mauris porttitor tincidunt felis, sed aliquam eros venenatis ultricies.", "date": "2020-07-19T11:43:08.000Z", "pictures": ["https://cdn.shopify.com/s/files/1/0650/6882/6853/products/image_36b2bc2a-2462-47b5-bd65-7f67a865f352.jpg?v=1663627108&width=1946"]}');
INSERT INTO product (id, member_username, category_slug, data) VALUES ('19b2a9dc-b085-41d1-970a-69a2b1cbd8e1', 'anna_admin', 'electronics', '{"name": "Canon EOS R6", "quantity": 1,"price": 1000, "discount": 0, "description": "Used but no damage, has about 20,000 shutter count. Ut porta, lectus nec sodales semper, leo est dictum massa, non tristique mi mauris id orci. Pellentesque volutpat dapibus ipsum lobortis convallis. Morbi vel mi non ligula euismod feugiat feugiat sit amet enim. Fusce mattis porta ante, non euismod tortor condimentum eget. Pellentesque dapibus orci cursus purus aliquet, et lobortis tellus faucibus. Nullam eu libero eget tortor euismod ullamcorper. Quisque eget nibh eros. Mauris porttitor tincidunt felis, sed aliquam eros venenatis ultricies.", "date": "2022-01-19T02:43:08.000Z", "pictures": ["https://s.yimg.com/uu/api/res/1.2/eDzaBMfem.xu4wTDB6LOqQ--~B/aD05Mjg7dz0xNjE5O2FwcGlkPXl0YWNoeW9u/https://media-mbst-pub-ue1.s3.amazonaws.com/creatr-uploaded-images/2020-10/49338960-0a39-11eb-96dd-e3ffdfbbde0f.cf.jpg"]}');
INSERT INTO product (id, member_username, category_slug, data) VALUES ('0ce2da04-d05d-46cf-8602-ae58ab7ec215', 'anna_admin', 'sports-equipment', '{"name": "Surfboard", "quantity": 4,"price": 400, "discount": 0, "description": "Brand new custom made surf boards, different size. Ut porta, lectus nec sodales semper, leo est dictum massa, non tristique mi mauris id orci. Pellentesque volutpat dapibus ipsum lobortis convallis. Morbi vel mi non ligula euismod feugiat feugiat sit amet enim. Fusce mattis porta ante, non euismod tortor condimentum eget. Pellentesque dapibus orci cursus purus aliquet, et lobortis tellus faucibus. Nullam eu libero eget tortor euismod ullamcorper. Quisque eget nibh eros. Mauris porttitor tincidunt felis, sed aliquam eros venenatis ultricies.", "date": "2022-02-09T00:15:08.000Z", "pictures": ["https://cb2.scene7.com/is/image/CB2/SlaterSurfboardAVSHF22/$web_pdp_main_carousel_xs$/220406151048/slater-decorative-black-surfboard.jpg"]}');
